Category,Model,AUC,F1Max,Precision,Recall,Threshold
CNN,Densenet121,0.902918,0.825974,0.760766,0.903409,0.262882
CNN,EfficientNetB3,0.889859,0.812500,0.812500,0.812500,0.541411
CNN,InceptionV3,0.876562,0.824147,0.765854,0.892045,0.313199
CNN,ResNet50,0.893131,0.816568,0.851852,0.784091,0.714025
ViT,CrossViTSmall,0.915829,0.867021,0.815000,0.926136,0.601837
ViT,DeiTSmall,0.921778,0.854749,0.840659,0.869318,0.617432
ViT,SwinTiny,0.914847,0.854054,0.814433,0.897727,0.327601
ViT,ViTSmall,0.913776,0.838889,0.820652,0.857955,0.524299
Hybrid,CoAtNet0,0.927430,0.857143,0.845304,0.869318,0.655341
Hybrid,MaxViTTiny,0.928085,0.869565,0.833333,0.909091,0.265923
VLM,CLIPViTB16,0.914996,0.839650,0.862275,0.818182,0.752202
VLM,SigLIPBase384,0.930227,0.863510,0.846995,0.880682,0.410952
